SampleID,Location Code,Date Collected,Time Collected (PST),Temp (°C),Chl Volume Filtered (mL),Chl1 (mg/m3),Chl2 (mg/m3),Avg Chloro (mg/m3),Phaeo1 (mg/m3),Phaeo2 (mg/m3),Avg. Phaeo (mg/m3),Nitrate (uM),Phosphate (uM),Silicate (uM),Nitrite (uM),Ammonia (uM),DA Volume Filtered (mL),Domoic Acid (ng/mL),Volume Settled for counting (mL),Akashiwo sanguinea  (cells/L),Alexandrium spp. (cells/L),Dinophysis spp.  (cells/L),Lingulodinium polyedrum (cells/L),Prorocentrum spp.  (cells/L),Pseudo-nitzschia delicatissima group (cells/L),Pseudo-nitzschia seriata group (cells/L)
WW100511SC,HAB_SCW,2011-10-05,6:00,15.1,25,5.27,5.16,5.21,NaN,NaN,NaN,2.00,0.70,9.80,NaN,1.76,250,0.915,NaN,NaN,880,980,NaN,NaN,NaN,47200
WW101211SC,HAB_SCW,2011-10-12,5:55,15.4,25,3.52,3.38,3.45,NaN,NaN,NaN,2.51,1.07,18.54,NaN,3.85,250,0.060,NaN,NaN,0,160,NaN,NaN,NaN,0.0
WW101911SC,HAB_SCW,2011-10-19,6:09,17.2,25,12.94,13.15,13.05,NaN,NaN,NaN,5.81,0.85,16.35,NaN,1.74,250,0.261,NaN,NaN,20,18900.0,NaN,NaN,NaN,13450.0
WW102611SC,HAB_SCW,2011-10-26,7:10,13.5,25,5.97,5.82,5.90,NaN,NaN,NaN,5.86,1.37,17.21,NaN,4.55,250,0.052,NaN,NaN,760,0,NaN,NaN,NaN,900
WW110211SC,HAB_SCW,2011-11-02,6:35,12.3,25,4.49,4.38,4.43,NaN,NaN,NaN,5.42,1.49,21.63,NaN,3.77,250,0.047,NaN,NaN,50,0,NaN,NaN,NaN,2600
WW110911SC,HAB_SCW,2011-11-09,8:50,12.1,25,14.14,13.72,13.93,NaN,NaN,NaN,6.13,1.11,19.68,NaN,1.56,250,3.815,NaN,NaN,1490,130,NaN,NaN,NaN,153850
WW111611SC,HAB_SCW,2011-11-16,8:06,11.3,25,47.82,49.29,48.55,NaN,NaN,NaN,0.49,1.45,19.45,NaN,0.24,100,0.000,NaN,NaN,7066.666667,83,NaN,NaN,NaN,250
WW112311SC,HAB_SCW,2011-11-23,7:45,11.3,25,48.86,56.84,52.85,NaN,NaN,NaN,0.07,0.75,15.61,NaN,0.11,100,3.128,NaN,NaN,2360,100,NaN,NaN,NaN,81200
WW113011SC,HAB_SCW,2011-11-30,7:45,11.5,25,51.59,54.95,53.27,NaN,NaN,NaN,0.21,0.65,18.22,NaN,0.13,100,0.798,NaN,NaN,820,80,NaN,NaN,NaN,25350
WW120711SC,HAB_SCW,2011-12-07,7:35,10.2,25,42.70,42.21,42.45,NaN,NaN,NaN,0.94,0.76,18.80,NaN,0.51,100,0.091,NaN,NaN,1720,140,NaN,NaN,NaN,5050
WW121411SC,HAB_SCW,2011-12-14,8:50,10.7,25,2.24,1.97,2.10,NaN,NaN,NaN,2.35,1.13,16.36,NaN,4.92,250,0.541,NaN,NaN,80,10,NaN,NaN,NaN,27200
WW122111SC,HAB_SCW,2011-12-21,8:34,11.1,25,1.70,1.44,1.57,NaN,NaN,NaN,5.38,0.86,9.87,NaN,2.57,250,0.000,NaN,NaN,270,30,NaN,NaN,NaN,0
WW010412SC,HAB_SCW,2012-01-04,8:55,11.2,25,1.59,1.61,1.60,NaN,NaN,NaN,10.14,1.27,16.09,NaN,2.46,250,0.000,NaN,NaN,0,0,NaN,NaN,NaN,0
WW011112SC,HAB_SCW,2012-01-11,8:35,10.4,25,2.86,2.85,2.85,NaN,NaN,NaN,10.04,1.25,17.93,NaN,2.11,250,0.000,NaN,NaN,10,60,NaN,NaN,NaN,0
WW011812SC,HAB_SCW,2012-01-18,8:30,9.7,25,1.45,1.48,1.47,NaN,NaN,NaN,9.48,1.29,20.91,NaN,2.97,250,0.000,NaN,NaN,0,90,NaN,NaN,NaN,0
WW012512SC,HAB_SCW,2012-01-25,8:36,10.9,25,1.56,1.44,1.50,NaN,NaN,NaN,7.84,1.18,18.20,NaN,2.37,250,0.000,NaN,NaN,0,90,NaN,NaN,NaN,0
WW020112SC,HAB_SCW,2012-02-01,7:50,11.4,25,3.21,2.46,2.84,NaN,NaN,NaN,7.81,1.34,18.39,NaN,2.28,250,0.000,NaN,NaN,0,20,NaN,NaN,NaN,0
WW020812SC,HAB_SCW,2012-02-08,7:50,11.1,25,3.55,3.77,3.66,NaN,NaN,NaN,5.70,1.16,12.55,NaN,1.60,250,0.000,NaN,NaN,0,0,NaN,NaN,NaN,0
WW021512SC,HAB_SCW,2012-02-15,7:50,10.1,25,1.63,1.78,1.70,NaN,NaN,NaN,9.51,1.41,16.58,NaN,2.20,250,0.000,NaN,NaN,0,10,NaN,NaN,NaN,0
WW022212SC,HAB_SCW,2012-02-22,8:03,10.7,25,2.93,2.95,2.94,NaN,NaN,NaN,10.00,1.49,19.37,NaN,1.79,250,0.000,NaN,NaN,0,0,NaN,NaN,NaN,0
WW022912SC,HAB_SCW,2012-02-29,8:17,10.2,25,4.38,4.34,4.36,NaN,NaN,NaN,14.32,1.62,24.44,NaN,1.03,250,0.000,NaN,NaN,0,0,NaN,NaN,NaN,0
WW030712SC,HAB_SCW,2012-03-07,8:20,8.8,25,3.21,3.51,3.36,NaN,NaN,NaN,18.93,2.15,31.42,NaN,2.16,250,0.000,NaN,NaN,0,20,NaN,NaN,NaN,0
WW031412SC,HAB_SCW,2012-03-14,8:20,10.7,25,7.77,8.26,8.01,NaN,NaN,NaN,4.37,1.43,38.52,NaN,1.42,250,0.000,NaN,NaN,0,20,NaN,NaN,NaN,0
WW032112SC,HAB_SCW,2012-03-21,8:25,11.1,25,3.00,2.72,2.86,NaN,NaN,NaN,9.42,1.55,23.84,NaN,1.93,250,0.000,NaN,NaN,0,200,NaN,NaN,NaN,0
WW032812SC,HAB_SCW,2012-03-28,8:30,11.2,25,4.97,5.01,4.99,NaN,NaN,NaN,10.36,1.62,29.12,NaN,1.36,250,0.000,NaN,NaN,0,40,NaN,NaN,NaN,0
WW040412SC,HAB_SCW,2012-04-04,7:28,10.5,25,6.69,6.89,6.79,NaN,NaN,NaN,12.15,1.52,22.72,NaN,2.81,250,0.000,NaN,NaN,0,NaN,NaN,NaN,NaN,0
WW041112SC,HAB_SCW,2012-04-11,8:52,11.2,25,6.36,5.79,6.08,NaN,NaN,NaN,8.63,1.26,21.00,NaN,1.44,250,0.000,NaN,NaN,0,0,NaN,NaN,NaN,0
WW041812SC,HAB_SCW,2012-04-18,8:01,11.2,25,9.94,10.64,10.29,NaN,NaN,NaN,0.76,0.82,2.96,NaN,1.11,250,0.013,NaN,NaN,0,50,NaN,NaN,NaN,1450
WW042512SC,HAB_SCW,2012-04-25,8:09,12.7,25,5.94,6.48,6.21,NaN,NaN,NaN,2.34,0.89,17.17,NaN,0.99,250,0.082,NaN,NaN,0,80,NaN,NaN,NaN,10850
WW050212SC,HAB_SCW,2012-05-02,7:25,11.5,25,12.18,15.33,13.75,NaN,NaN,NaN,0.58,0.82,13.57,NaN,1.63,250,0.477,NaN,NaN,0,70,NaN,NaN,NaN,59350
WW050912SC,HAB_SCW,2012-05-09,7:55,12.6,25,6.09,5.91,6.00,NaN,NaN,NaN,0.00,0.23,0.48,NaN,0.95,250,0.020,NaN,NaN,0,0,NaN,NaN,NaN,24200
WW051612SC,HAB_SCW,2012-05-16,7:32,12.9,25,2.81,2.53,2.67,NaN,NaN,NaN,0.26,0.46,9.47,NaN,0.21,250,0.232,NaN,NaN,0,60,NaN,NaN,NaN,13500
WW052312SC,HAB_SCW,2012-05-23,7:36,13.1,25,13.16,17.43,15.30,NaN,NaN,NaN,0.84,0.69,0.97,NaN,0.03,250,0.172,NaN,NaN,0,20,NaN,NaN,NaN,124450
WW053012SC,HAB_SCW,2012-05-30,7:58,11.9,25,4.68,4.55,4.62,NaN,NaN,NaN,22.86,3.21,34.67,NaN,1.05,250,0.357,NaN,NaN,0,30,NaN,NaN,NaN,52800
WW060612SC,HAB_SCW,2012-06-06,7:00,9.4,25,6.77,6.80,6.78,NaN,NaN,NaN,3.36,1.10,9.78,NaN,5.97,250,0.162,NaN,NaN,0,NaN,NaN,NaN,NaN,27800
WW061312SC,HAB_SCW,2012-06-13,7:58,14.1,25,7.20,7.23,7.21,NaN,NaN,NaN,0.00,0.13,2.70,NaN,0.07,250,0.060,NaN,NaN,0,70,NaN,NaN,NaN,2000
WW062012SC,HAB_SCW,2012-06-20,8:19,12.9,25,3.35,3.14,3.24,NaN,NaN,NaN,0.96,0.50,10.10,NaN,0.20,250,0.000,NaN,NaN,0,310,NaN,NaN,NaN,0
WW062712SC,HAB_SCW,2012-06-27,7:30,14.7,25,3.39,3.16,3.28,NaN,NaN,NaN,1.59,0.56,4.21,NaN,1.58,250,0.017,NaN,NaN,0,720,NaN,NaN,NaN,0
WW070312SC,HAB_SCW,2012-07-03,8:00,15.8,25,13.50,11.26,12.38,NaN,NaN,NaN,1.18,0.51,4.57,NaN,0.46,250,0.019,NaN,NaN,0,460,NaN,NaN,NaN,800
WW071112SC,HAB_SCW,2012-07-11,9:00,14.8,25,5.29,4.98,5.13,NaN,NaN,NaN,0.45,0.44,6.18,NaN,0.73,250,0.041,NaN,NaN,0,360,NaN,NaN,NaN,350
WW071812SC,HAB_SCW,2012-07-18,8:05,14.2,25,4.08,4.32,4.20,NaN,NaN,NaN,0.38,0.51,9.19,NaN,0.91,250,0.000,NaN,NaN,0,860,NaN,NaN,NaN,0
WW072612SC,HAB_SCW,2012-07-26,8:30,13.8,25,6.11,6.53,6.32,NaN,NaN,NaN,2.60,1.09,9.92,NaN,2.03,250,0.008,NaN,NaN,0,850,NaN,NaN,NaN,0
WW080112SC,HAB_SCW,2012-08-01,9:00,15.4,25,4.66,4.64,4.65,NaN,NaN,NaN,0.62,0.47,4.60,NaN,0.76,250,0.515,NaN,NaN,0,4340,NaN,NaN,NaN,206700
WW080812SC,HAB_SCW,2012-08-08,8:00,15.7,25,2.54,2.42,2.48,NaN,NaN,NaN,1.13,1.17,8.41,NaN,3.10,250,1.695,NaN,NaN,0,490,NaN,NaN,NaN,36450
WW081512SC,HAB_SCW,2012-08-15,8:00,14.2,25,8.19,8.68,8.44,NaN,NaN,NaN,0.70,0.55,8.29,NaN,0.70,250,9.357,NaN,NaN,0,2360,NaN,NaN,NaN,275300
WW082212SC,HAB_SCW,2012-08-22,8:30,15.5,25,2.72,2.49,2.60,NaN,NaN,NaN,0.19,0.53,3.03,NaN,1.04,250,2.769,NaN,NaN,0,490,NaN,NaN,NaN,127500
WW082912SC,HAB_SCW,2012-08-29,8:30,14.9,25,4.87,4.38,4.62,NaN,NaN,NaN,1.20,0.43,3.31,NaN,0.37,250,0.009,NaN,NaN,0,1200,NaN,NaN,NaN,750
WW090512SC,HAB_SCW,2012-09-05,8:00,14.5,25,4.08,3.68,3.88,NaN,NaN,NaN,0.79,0.54,4.13,NaN,0.71,250,0.000,NaN,NaN,0,NaN,NaN,NaN,NaN,0
WW091212SC,HAB_SCW,2012-09-12,8:30,14.9,25,9.18,10.16,9.67,NaN,NaN,NaN,0.70,0.65,6.03,NaN,0.80,250,0.000,NaN,NaN,0,NaN,NaN,NaN,NaN,0
WW091912SC,HAB_SCW,2012-09-19,8:30,14.4,25,8.82,8.68,8.75,NaN,NaN,NaN,0.15,0.69,6.59,NaN,1.22,250,0.059,NaN,NaN,0,1690,NaN,NaN,NaN,31250
WW092612SC,HAB_SCW,2012-09-26,8:30,14.7,25,7.14,7.63,7.38,NaN,NaN,NaN,0.48,1.00,13.10,NaN,2.56,250,0.007,NaN,NaN,0,2400,NaN,NaN,NaN,0
WW100312SC,HAB_SCW,2012-10-03,9:00,15.7,25,6.23,6.61,6.42,NaN,NaN,NaN,0.24,0.92,13.66,NaN,2.08,250,0.000,NaN,NaN,40,NaN,NaN,NaN,NaN,0
WW101012SC,HAB_SCW,2012-10-10,8:30,15,25,11.69,11.62,11.66,NaN,NaN,NaN,0.00,0.73,15.01,NaN,0.76,250,0.061,NaN,NaN,0,NaN,NaN,NaN,NaN,0
WW101712SC,HAB_SCW,2012-10-17,8:00,15.6,25,2.28,2.86,2.57,NaN,NaN,NaN,0.82,1.19,13.78,NaN,4.12,250,0.000,NaN,NaN,0,NaN,NaN,NaN,NaN,0
WW102412SC,HAB_SCW,2012-10-24,8:30,14.2,25,3.06,3.17,3.12,NaN,NaN,NaN,0.25,1.31,19.38,NaN,4.30,250,0.026,NaN,NaN,0,0,NaN,NaN,NaN,0
WW103112SC,HAB_SCW,2012-10-31,8:30,14.5,25,3.30,3.49,3.39,NaN,NaN,NaN,0.47,1.20,22.96,NaN,2.31,250,0.109,NaN,NaN,0,0,NaN,NaN,NaN,14950
WW110712SC,HAB_SCW,2012-11-07,8:30,14.5,25,3.64,4.05,3.84,NaN,NaN,NaN,2.26,1.40,14.70,NaN,3.10,250,0.016,NaN,NaN,0,NaN,NaN,NaN,NaN,0
WW111412SC,HAB_SCW,2012-11-14,8:30,12.6,25,30.03,30.66,30.35,NaN,NaN,NaN,0.00,0.82,17.68,NaN,0.24,250,0.018,NaN,NaN,0,NaN,NaN,NaN,NaN,1350
WW112112SC,HAB_SCW,2012-11-21,8:30,14.1,25,6.96,6.18,6.57,NaN,NaN,NaN,0.78,1.22,10.44,NaN,3.76,250,0.065,NaN,NaN,0,1000,NaN,NaN,NaN,3850
WW112812SC,HAB_SCW,2012-11-28,8:15,13.7,25,16.59,16.87,16.73,NaN,NaN,NaN,0.21,1.39,12.40,NaN,2.09,250,0.000,NaN,NaN,0,900,NaN,NaN,NaN,0
WW120512SC,HAB_SCW,2012-12-05,8:15,14.3,25,6.21,5.10,5.66,NaN,NaN,NaN,6.41,1.59,30.05,NaN,3.00,250,0.000,NaN,NaN,0,50,NaN,NaN,NaN,0
WW121212SC,HAB_SCW,2012-12-12,8:30,13.4,25,2.25,2.17,2.21,NaN,NaN,NaN,3.59,1.79,12.08,NaN,4.71,250,0.000,NaN,NaN,0,10,NaN,NaN,NaN,0
WW121912SC,HAB_SCW,2012-12-19,8:45,11.2,25,2.35,2.49,2.42,NaN,NaN,NaN,6.70,2.03,15.90,NaN,4.12,250,0.000,NaN,NaN,0,0,NaN,NaN,NaN,0
WW010913SC,HAB_SCW,2013-01-09,8:15,11.1,25,2.67,2.46,2.56,NaN,NaN,NaN,9.12,1.57,18.15,NaN,1.55,250,0.000,NaN,NaN,0,0,NaN,NaN,NaN,0
WW011613SC,HAB_SCW,2013-01-16,8:00,9.2,25,12.88,11.97,12.43,NaN,NaN,NaN,9.64,1.52,14.15,NaN,1.69,250,0.000,NaN,NaN,0,20,NaN,NaN,NaN,0
WW012313SC,HAB_SCW,2013-01-23,8:15,10.5,25,3.45,3.07,3.26,NaN,NaN,NaN,1.59,1.01,3.70,NaN,2.06,250,0.000,NaN,NaN,150,40,NaN,NaN,NaN,0
WW013013SC,HAB_SCW,2013-01-30,8:00,10.5,25,1.20,1.20,1.20,NaN,NaN,NaN,7.42,1.66,10.50,NaN,4.35,250,0.000,NaN,NaN,120,20,NaN,NaN,NaN,0
WW020613SC,HAB_SCW,2013-02-06,8:15,10.7,25,3.40,3.54,3.47,NaN,NaN,NaN,7.63,1.46,9.68,NaN,2.81,250,0.000,NaN,NaN,480,70,NaN,NaN,NaN,0
WW021313SC,HAB_SCW,2013-02-13,8:30,10.7,25,6.52,6.01,6.27,NaN,NaN,NaN,6.83,1.57,10.65,NaN,2.56,250,0.000,NaN,NaN,0,0,NaN,NaN,NaN,0
WW022013SC,HAB_SCW,2013-02-20,9:30,10.7,25,7.07,6.63,6.85,NaN,NaN,NaN,3.50,1.72,7.79,NaN,3.45,250,0.000,NaN,NaN,0,10,NaN,NaN,NaN,750
WW022713SC,HAB_SCW,2013-02-27,8:30,10.9,25,9.17,9.94,9.56,NaN,NaN,NaN,0.41,0.89,4.17,NaN,1.21,250,0.005,NaN,NaN,240,60,NaN,NaN,NaN,200
WW030613SC,HAB_SCW,2013-03-06,8:30,11.0,25,14.28,13.72,14.00,NaN,NaN,NaN,0.91,0.97,4.21,NaN,1.02,250,0.000,NaN,NaN,0,20,NaN,NaN,NaN,1000
WW031313SC,HAB_SCW,2013-03-13,9:00,11.9,25,2.70,2.94,2.82,NaN,NaN,NaN,0.09,0.80,9.66,NaN,0.88,250,0.000,NaN,NaN,0,280,NaN,NaN,NaN,400
WW032013SC,HAB_SCW,2013-03-20,8:30,11.8,25,6.24,6.30,6.27,NaN,NaN,NaN,1.39,1.19,5.21,NaN,2.04,250,0.000,NaN,NaN,270,NaN,NaN,NaN,NaN,200
WW032713SC,HAB_SCW,2013-03-27,8:30,11.8,25,7.00,7.28,7.14,NaN,NaN,NaN,0.35,0.62,4.53,NaN,0.76,250,0.000,NaN,NaN,70,160,NaN,NaN,NaN,0
WW040313SC,HAB_SCW,2013-04-03,9:00,12.7,25,5.80,5.80,5.80,NaN,NaN,NaN,0.86,0.92,11.31,NaN,1.85,250,0.000,NaN,NaN,0,NaN,NaN,NaN,NaN,0
WW041013SC,HAB_SCW,2013-04-10,9:00,11.3,25,3.21,2.74,2.98,NaN,NaN,NaN,12.80,2.14,29.12,NaN,3.14,250,0.000,NaN,NaN,0,NaN,NaN,NaN,NaN,0
WW041713SC,HAB_SCW,2013-04-17,8:30,9.9,25,16.17,14.70,15.44,NaN,NaN,NaN,14.50,1.78,26.52,NaN,1.37,250,0.000,NaN,NaN,0,NaN,NaN,NaN,NaN,2350
WW042413SC,HAB_SCW,2013-04-24,8:30,12.3,25,10.08,9.03,9.56,NaN,NaN,NaN,1.03,0.52,2.39,NaN,0.93,250,0.000,NaN,NaN,0,NaN,NaN,NaN,NaN,0
WW050113SC,HAB_SCW,2013-05-01,8:15,13.0,25,16.80,15.47,16.14,NaN,NaN,NaN,0.87,0.39,1.80,NaN,0.92,250,0.006,NaN,NaN,0,NaN,NaN,NaN,NaN,350
WW050813SC,HAB_SCW,2013-05-08,10:30,13.2,25,13.93,14.28,14.11,NaN,NaN,NaN,6.20,0.79,8.94,NaN,1.40,250,0.000,NaN,NaN,0,90,NaN,NaN,NaN,2100
WW051513SC,HAB_SCW,2013-05-15,8:30,14.9,25,6.24,6.15,6.20,NaN,NaN,NaN,0.30,0.31,2.94,NaN,0.56,250,0.000,NaN,NaN,40,1790,NaN,NaN,NaN,0
WW052213SC,HAB_SCW,2013-05-22,9:30,11.3,25,10.43,10.71,10.57,NaN,NaN,NaN,16.89,1.39,24.26,NaN,4.03,250,0.000,NaN,NaN,0,0,NaN,NaN,NaN,1050
WW052913SC,HAB_SCW,2013-05-29,8:30,13.8,25,15.89,16.94,16.42,NaN,NaN,NaN,0.16,0.27,1.11,NaN,0.29,250,0.000,NaN,NaN,0,NaN,NaN,NaN,NaN,0
WW060513SC,HAB_SCW,2013-06-05,8:30,12.1,25,15.75,14.84,15.30,NaN,NaN,NaN,7.45,1.27,14.91,NaN,5.77,250,0.000,NaN,NaN,0,NaN,NaN,NaN,NaN,400
WW061213SC,HAB_SCW,2013-06-12,8:00,13.3,25,6.62,7.14,6.88,NaN,NaN,NaN,3.31,1.02,9.63,NaN,5.12,250,0.000,NaN,NaN,0,534,NaN,NaN,NaN,0
WW062613SC,HAB_SCW,2013-06-26,8:30,15.1,25,6.27,6.24,6.25,NaN,NaN,NaN,3.75,0.99,9.35,NaN,8.57,250,0.000,NaN,NaN,0,NaN,NaN,NaN,NaN,0
WW070313SC,HAB_SCW,2013-07-03,8:30,15.5,25,4.17,5.17,4.67,NaN,NaN,NaN,1.04,0.30,0.33,NaN,0.28,250,0.015,NaN,NaN,0,2110,NaN,NaN,NaN,350
WW071013SC,HAB_SCW,2013-07-10,8:30,15.5,25,2.93,3.58,3.26,NaN,NaN,NaN,0.49,0.27,0.96,NaN,0.29,250,0.000,NaN,NaN,0,1210,NaN,NaN,NaN,0
WW071713SC,HAB_SCW,2013-07-17,13:00,15.5,25,2.89,2.77,2.83,NaN,NaN,NaN,0.29,0.19,1.39,NaN,0.50,250,0.000,NaN,NaN,0,NaN,NaN,NaN,NaN,0
WW072413SC,HAB_SCW,2013-07-24,8:30,15.1,25,10.22,10.01,10.12,NaN,NaN,NaN,4.77,0.61,15.65,NaN,2.63,250,0.000,NaN,NaN,0,740,NaN,NaN,NaN,0
WW073113SC,HAB_SCW,2013-07-31,8:15,14.1,25,13.23,12.95,13.09,NaN,NaN,NaN,3.95,0.62,28.81,NaN,2.16,250,0.000,NaN,NaN,0,560,NaN,NaN,NaN,0
WW080713SC,HAB_SCW,2013-08-07,7:30,14.0,25,4.94,5.12,5.03,NaN,NaN,NaN,5.76,1.13,16.30,NaN,4.85,250,0.000,NaN,NaN,0,60,NaN,NaN,NaN,0
WW081413SC,HAB_SCW,2013-08-14,8:30,15.5,25,3.96,3.86,3.91,NaN,NaN,NaN,1.31,0.54,2.59,NaN,1.71,250,0.000,NaN,NaN,0,NaN,NaN,NaN,NaN,0
WW082113SC,HAB_SCW,2013-08-21,8:15,14.8,25,19.04,18.41,18.73,NaN,NaN,NaN,0.44,0.32,1.29,NaN,0.28,250,0.000,NaN,NaN,0,NaN,NaN,NaN,NaN,0
WW082813SC,HAB_SCW,2013-08-28,8:30,16.2,25,1.88,1.72,1.80,NaN,NaN,NaN,0.51,0.43,1.28,NaN,0.71,250,0.000,NaN,NaN,0,40,NaN,NaN,NaN,0
WW090413SC,HAB_SCW,2013-09-04,8:30,17.6,25,5.73,5.72,5.73,NaN,NaN,NaN,0.74,0.47,3.37,NaN,7.09,250,0.000,NaN,NaN,0,0,NaN,NaN,NaN,0
WW091113SC,HAB_SCW,2013-09-11,9:00,15.4,25,19.81,20.09,19.95,NaN,NaN,NaN,5.09,1.07,9.37,NaN,8.48,250,0.000,NaN,NaN,2080,NaN,NaN,NaN,NaN,0
WW091813SC,HAB_SCW,2013-09-18,8:30,14.9,25,9.45,9.73,9.59,NaN,NaN,NaN,5.36,0.66,8.39,NaN,2.77,250,0.000,NaN,NaN,180,NaN,NaN,NaN,NaN,0
WW092513SC,HAB_SCW,2013-09-25,9:00,14.6,25,5.32,4.99,5.15,NaN,NaN,NaN,9.82,1.19,26.02,NaN,4.23,250,0.000,NaN,NaN,100,60,NaN,NaN,NaN,0
WW100213SC,HAB_SCW,2013-10-02,8:45,13.8,25,7.66,7.73,7.69,NaN,NaN,NaN,8.04,0.96,22.36,NaN,2.08,250,0.000,NaN,NaN,2100,NaN,NaN,NaN,NaN,0
WW100913SC,HAB_SCW,2013-10-09,8:45,13.8,25,49.86,46.03,47.95,NaN,NaN,NaN,0.94,0.57,24.61,NaN,0.31,250,0.000,NaN,NaN,3713,NaN,NaN,NaN,NaN,0
WW101613SC,HAB_SCW,2013-10-16,9:15,13.2,25,2.84,2.80,2.82,NaN,NaN,NaN,5.61,2.28,23.91,NaN,11.38,250,0.000,NaN,NaN,10,NaN,NaN,NaN,NaN,0
WW102313SC,HAB_SCW,2013-10-23,8:45,12.8,25,7.59,7.66,7.63,NaN,NaN,NaN,6.09,1.89,20.76,NaN,9.87,250,0.000,NaN,NaN,0,180,NaN,NaN,NaN,0
WW102913SC,HAB_SCW,2013-10-29,8:15,12.1,25,1.35,1.33,1.34,NaN,NaN,NaN,12.21,1.64,13.67,NaN,10.36,250,0.000,NaN,NaN,0,NaN,NaN,NaN,NaN,0
WW110613SC,HAB_SCW,2013-11-06,8:00,12.4,25,2.47,2.35,2.41,NaN,NaN,NaN,8.66,1.96,26.44,NaN,8.54,250,0.000,NaN,NaN,20,0,NaN,NaN,NaN,0
WW111313SC,HAB_SCW,2013-11-13,8:15,12.9,25,4.74,4.50,4.62,NaN,NaN,NaN,7.21,1.48,19.40,NaN,6.29,250,0.000,NaN,NaN,1520,300,NaN,NaN,NaN,0
WW112713SC,HAB_SCW,2013-11-27,8:20,11.5,25,1.49,1.47,1.48,NaN,NaN,NaN,7.93,1.79,18.46,NaN,10.59,250,0.000,NaN,NaN,690,110,NaN,NaN,NaN,0
WW120413SC,HAB_SCW,2013-12-04,8:15,11.4,25,1.83,1.96,1.90,NaN,NaN,NaN,7.91,1.54,18.04,NaN,9.12,250,0.000,NaN,NaN,1820,1100,NaN,NaN,NaN,0
WW121113SC,HAB_SCW,2013-12-11,9:25,11.1,25,0.88,0.90,0.89,NaN,NaN,NaN,12.57,1.55,18.69,NaN,5.60,250,0.000,NaN,NaN,30,20,NaN,NaN,NaN,0
WW121813SC,HAB_SCW,2013-12-18,9:00,10.7,25,2.56,2.77,2.66,NaN,NaN,NaN,12.24,1.41,19.51,NaN,3.52,250,0.000,NaN,NaN,30,180,NaN,NaN,NaN,0
WW010814SC,HAB_SCW,2014-01-08,8:45,11.4,25,1.95,1.85,1.90,NaN,NaN,NaN,8.85,1.44,15.73,NaN,5.56,250,0.000,NaN,NaN,0,0,NaN,NaN,NaN,0
WW011514SC,HAB_SCW,2014-01-15,8:20,11.4,25,1.76,1.58,1.67,NaN,NaN,NaN,7.58,1.11,13.84,NaN,4.26,250,0.000,NaN,NaN,0,50,NaN,NaN,NaN,0
WW012214SC,HAB_SCW,2014-01-22,7:50,10.5,25,1.79,1.95,1.87,NaN,NaN,NaN,6.96,1.30,15.35,NaN,4.82,250,0.000,NaN,NaN,0,NaN,NaN,NaN,NaN,0
WW012914SC,HAB_SCW,2014-01-29,8:25,13.2,25,0.91,1.31,1.11,NaN,NaN,NaN,6.20,1.15,12.56,NaN,6.05,250,0.000,NaN,NaN,0,NaN,NaN,NaN,NaN,0
WW020514SC,HAB_SCW,2014-02-05,8:00,10.6,25,1.56,1.41,1.48,NaN,NaN,NaN,5.24,1.31,16.25,NaN,9.38,250,0.000,NaN,NaN,0,90,NaN,NaN,NaN,0
WW021214SC,HAB_SCW,2014-02-12,7:45,11.9,25,1.33,1.24,1.29,NaN,NaN,NaN,5.59,1.03,15.21,NaN,6.10,250,0.000,NaN,NaN,0,0,NaN,NaN,NaN,0
WW021914SC,HAB_SCW,2014-02-19,7:35,12.5,25,3.80,3.53,3.66,NaN,NaN,NaN,5.06,1.02,13.17,NaN,5.20,250,0.097,NaN,NaN,0,0,NaN,NaN,NaN,0
WW022614SC,HAB_SCW,2014-02-26,7:40,12.4,25,2.16,1.98,2.07,NaN,NaN,NaN,4.03,0.97,9.97,NaN,4.11,250,0.000,NaN,NaN,0,NaN,NaN,NaN,NaN,0
WW030614SC,HAB_SCW,2014-03-06,7:30,12.2,25,2.21,2.34,2.27,NaN,NaN,NaN,7.32,1.05,16.77,NaN,5.88,250,0.000,NaN,NaN,0,NaN,NaN,NaN,NaN,550
WW031214SC,HAB_SCW,2014-03-12,7:40,12.4,25,2.71,2.95,2.83,NaN,NaN,NaN,2.87,0.55,8.84,NaN,4.52,250,0.088,NaN,NaN,0,510,NaN,NaN,NaN,14500
WW031914SC,HAB_SCW,2014-03-19,8:10,12.1,25,3.02,3.00,3.01,NaN,NaN,NaN,2.35,0.54,10.55,NaN,2.49,250,0.144,NaN,NaN,0,820,NaN,NaN,NaN,7300
WW032614SC,HAB_SCW,2014-03-26,8:00,12.7,25,5.69,5.52,5.60,NaN,NaN,NaN,4.77,0.73,11.06,NaN,4.42,250,1.684,NaN,NaN,0,10,NaN,NaN,NaN,135850
WW040314SC,HAB_SCW,2014-04-03,6:00,12.1,25,5.93,5.76,5.84,NaN,NaN,NaN,0.81,0.44,6.10,NaN,3.28,250,0.804,NaN,NaN,0,210,NaN,NaN,NaN,248800
WW040914SC,HAB_SCW,2014-04-09,8:30,15.7,25,2.41,2.43,2.42,NaN,NaN,NaN,0.49,0.30,7.51,NaN,3.05,250,0.666,NaN,NaN,0,690,NaN,NaN,NaN,61850
WW041614SC,HAB_SCW,2014-04-16,7:30,14.7,25,5.87,5.60,5.74,NaN,NaN,NaN,1.05,0.40,6.02,NaN,1.66,250,0.670,NaN,NaN,NaN,NaN,NaN,NaN,NaN,NaN
WW042314SC,HAB_SCW,2014-04-23,7:30,9.7,25,4.26,4.22,4.24,NaN,NaN,NaN,22.50,1.76,30.95,NaN,4.09,250,0.092,NaN,NaN,0,NaN,NaN,NaN,NaN,2750
WW043014SC,HAB_SCW,2014-04-30,7:30,13.0,25,13.17,11.83,12.50,NaN,NaN,NaN,2.07,0.69,4.91,NaN,2.52,250,1.233,NaN,NaN,0,NaN,NaN,NaN,NaN,174500
WW050714SC,HAB_SCW,2014-05-07,8:30,10.3,25,7.39,8.20,7.80,NaN,NaN,NaN,11.77,0.89,16.68,NaN,1.93,250,5.555,NaN,NaN,20,NaN,NaN,NaN,NaN,170050
WW051414SC,HAB_SCW,2014-05-14,8:45,14.6,25,6.28,5.87,6.08,NaN,NaN,NaN,0.63,0.19,4.07,NaN,1.19,250,3.435,NaN,NaN,60,NaN,NaN,NaN,NaN,170850
WW052114SC,HAB_SCW,2014-05-21,8:50,12.8,25,4.04,4.29,4.17,NaN,NaN,NaN,11.35,1.10,18.99,NaN,4.94,250,0.150,NaN,NaN,350,490,NaN,NaN,NaN,47600
WW052814SC,HAB_SCW,2014-05-28,8:35,14.3,25,5.13,4.60,4.87,NaN,NaN,NaN,0.02,0.15,2.47,NaN,0.44,250,0.593,NaN,NaN,230,NaN,NaN,NaN,NaN,26750
WW060414SC,HAB_SCW,2014-06-04,8:15,14.0,25,3.29,3.45,3.37,NaN,NaN,NaN,0.48,0.23,3.32,NaN,1.29,250,16.220,NaN,NaN,190,730,NaN,NaN,NaN,23150
WW061114SC,HAB_SCW,2014-06-11,8:50,14.3,25,9.00,8.60,8.80,NaN,NaN,NaN,0.53,0.50,8.04,NaN,2.81,250,0.000,NaN,NaN,760,5200,NaN,NaN,NaN,0
WW061814SC,HAB_SCW,2014-06-18,9:20,14.9,25,8.00,7.86,7.93,NaN,NaN,NaN,1.04,0.24,4.31,NaN,0.89,250,0.024,NaN,NaN,20,150,NaN,NaN,NaN,1800
WW062514SC,HAB_SCW,2014-06-25,9:20,16.7,25,8.06,8.53,8.30,NaN,NaN,NaN,0.08,0.03,1.20,NaN,0.49,250,0.000,NaN,NaN,180,400,NaN,NaN,NaN,0
WW070214SC,HAB_SCW,2014-07-02,9:10,14.1,25,5.46,5.49,5.47,NaN,NaN,NaN,0.05,0.06,1.64,NaN,0.82,250,0.000,NaN,NaN,2360,540,NaN,NaN,NaN,0
WW070914SC,HAB_SCW,2014-07-09,9:50,15.6,25,3.21,3.06,3.13,NaN,NaN,NaN,1.78,0.89,23.07,NaN,5.37,250,0.035,NaN,NaN,740,310,NaN,NaN,NaN,5550
WW071614SC,HAB_SCW,2014-07-16,9:25,16.6,25,2.71,2.60,2.66,NaN,NaN,NaN,0.53,0.53,5.27,NaN,3.81,250,0.123,NaN,NaN,1200,330,NaN,NaN,NaN,10400
WW072314SC,HAB_SCW,2014-07-23,9:20,18.0,25,9.41,9.41,9.41,NaN,NaN,NaN,1.49,0.58,6.31,NaN,9.57,250,0.000,NaN,NaN,260,NaN,NaN,NaN,NaN,0
WW073014SC,HAB_SCW,2014-07-30,9:10,17.8,25,8.53,8.26,8.40,NaN,NaN,NaN,2.12,0.80,14.38,NaN,6.68,250,0.000,NaN,NaN,0,NaN,NaN,NaN,NaN,0
WW080614SC,HAB_SCW,2014-08-06,8:45,17.9,25,6.79,6.72,6.75,NaN,NaN,NaN,0.72,0.47,8.98,NaN,3.36,250,0.000,NaN,NaN,0,900,NaN,NaN,NaN,0
WW081314SC,HAB_SCW,2014-08-13,10:30,18.7,25,12.10,11.89,11.99,NaN,NaN,NaN,0.03,0.40,7.53,NaN,0.73,250,0.000,NaN,NaN,0,330,NaN,NaN,NaN,100
WW082014SC,HAB_SCW,2014-08-20,9:00,17.4,25,7.93,8.00,7.96,NaN,NaN,NaN,0.54,0.70,8.79,NaN,1.75,250,0.000,NaN,NaN,0,320,NaN,NaN,NaN,0
WW082714SC,HAB_SCW,2014-08-27,8:45,17.9,25,4.98,4.76,4.87,NaN,NaN,NaN,0.93,0.70,9.84,NaN,3.19,250,0.000,NaN,NaN,0,NaN,NaN,NaN,NaN,0
WW090314SC,HAB_SCW,2014-09-03,9:00,18.2,25,3.02,3.07,3.05,NaN,NaN,NaN,1.34,0.91,10.94,NaN,6.33,250,0.000,NaN,NaN,0,20,NaN,NaN,NaN,0
WW091014SC,HAB_SCW,2014-09-10,8:45,17.1,25,4.74,4.25,4.50,NaN,NaN,NaN,1.62,1.04,10.27,NaN,5.62,250,0.000,NaN,NaN,0,30,NaN,NaN,NaN,0
WW091714SC,HAB_SCW,2014-09-17,9:15,17.5,25,6.83,7.04,6.94,NaN,NaN,NaN,1.50,1.05,10.24,NaN,4.12,250,0.000,NaN,NaN,0,NaN,NaN,NaN,NaN,0
WW092414SC,HAB_SCW,2014-09-24,9:15,18.5,25,10.86,11.54,11.20,NaN,NaN,NaN,0.07,0.50,10.21,NaN,1.34,250,0.000,NaN,NaN,500,690,NaN,NaN,NaN,0
WW100114SC,HAB_SCW,2014-10-01,8:50,17.8,25,4.85,4.96,4.90,NaN,NaN,NaN,1.05,0.61,11.38,NaN,4.79,250,0.000,NaN,NaN,820,NaN,NaN,NaN,NaN,0
WW100814SC,HAB_SCW,2014-10-08,8:12,17.1,25,4.85,4.90,4.87,NaN,NaN,NaN,0.04,0.17,7.42,NaN,1.16,250,0.000,NaN,NaN,170,NaN,NaN,NaN,NaN,0
WW101514SC,HAB_SCW,2014-10-15,7:40,16.0,25,2.60,2.66,2.63,NaN,NaN,NaN,2.68,0.95,9.11,NaN,5.58,250,0.000,NaN,NaN,2700,867,NaN,NaN,NaN,0
WW102214SC,HAB_SCW,2014-10-22,7:30,14.9,25,2.01,2.11,2.06,NaN,NaN,NaN,2.46,0.56,8.43,NaN,5.00,250,0.000,NaN,NaN,60,NaN,NaN,NaN,NaN,0
WW102914SC,HAB_SCW,2014-10-29,7:35,15.3,25,2.48,2.62,2.55,NaN,NaN,NaN,1.93,1.42,14.39,NaN,4.04,250,0.000,NaN,NaN,0,20,NaN,NaN,NaN,0
WW110514SC,HAB_SCW,2014-11-05,7:30,14.5,25,50.59,49.97,50.28,NaN,NaN,NaN,0.84,0.37,18.36,NaN,0.42,250,0.000,NaN,NaN,1030,1190,NaN,NaN,NaN,0
WW111214SC,HAB_SCW,2014-11-12,7:30,15.0,25,11.92,11.23,11.58,NaN,NaN,NaN,1.99,1.34,13.42,NaN,4.10,250,0.000,NaN,NaN,3380,NaN,NaN,NaN,NaN,0
WW111914SC,HAB_SCW,2014-11-19,7:40,14.1,25,6.50,5.88,6.19,NaN,NaN,NaN,1.85,0.71,13.32,NaN,6.29,250,0.000,NaN,NaN,680,270,NaN,NaN,NaN,0
WW112614SC,HAB_SCW,2014-11-26,7:50,13.4,25,7.88,8.30,8.09,NaN,NaN,NaN,2.42,0.61,16.17,NaN,3.85,250,0.000,NaN,NaN,1290,200,NaN,NaN,NaN,0
WW120314SC,HAB_SCW,2014-12-03,7:50,15.0,25,4.82,5.53,5.17,NaN,NaN,NaN,5.06,0.76,17.75,NaN,3.13,250,0.000,NaN,NaN,270,NaN,NaN,NaN,NaN,0
WW121014SC,HAB_SCW,2014-12-10,7:45,14.7,25,3.13,3.14,3.13,NaN,NaN,NaN,3.07,0.69,18.25,NaN,4.96,250,0.000,NaN,NaN,0,10,NaN,NaN,NaN,0
WW121714SC,HAB_SCW,2014-12-17,8:05,14.1,25,0.89,1.00,0.94,NaN,NaN,NaN,3.60,0.51,13.73,NaN,3.19,250,0.000,NaN,NaN,0,30,NaN,NaN,NaN,0
WW010715SC,HAB_SCW,2015-01-07,9:25,13.4,25,0.66,1.04,0.85,NaN,NaN,NaN,6.75,0.40,13.83,NaN,3.88,250,0.000,NaN,NaN,0,0,NaN,NaN,NaN,0
WW011415SC,HAB_SCW,2015-01-14,8:40,12.3,25,1.87,0.68,1.28,NaN,NaN,NaN,1.12,0.43,8.99,NaN,3.39,250,0.000,NaN,NaN,0,0,NaN,NaN,NaN,0
WW012115SC,HAB_SCW,2015-01-21,8:35,13.0,25,1.53,1.59,1.56,NaN,NaN,NaN,1.96,0.47,7.17,NaN,3.20,250,0.000,NaN,NaN,0,0,NaN,NaN,NaN,0
WW012815SC,HAB_SCW,2015-01-28,8:45,13.5,25,1.23,1.08,1.16,NaN,NaN,NaN,3.32,0.51,9.95,NaN,3.10,250,0.000,NaN,NaN,0,0,NaN,NaN,NaN,0
WW020415SC,HAB_SCW,2015-02-04,8:30,13.3,25,1.69,1.71,1.70,NaN,NaN,NaN,3.77,0.62,9.20,NaN,4.93,250,0.000,NaN,NaN,20,0,NaN,NaN,NaN,0
WW021115SC,HAB_SCW,2015-02-11,8:25,13.3,25,1.52,1.61,1.56,NaN,NaN,NaN,5.66,0.77,38.56,NaN,3.60,250,0.000,NaN,NaN,0,10,NaN,NaN,NaN,0
WW021815SC,HAB_SCW,2015-02-18,8:30,14.9,25,1.89,1.81,1.85,NaN,NaN,NaN,2.26,0.47,9.84,NaN,4.00,250,0.000,NaN,NaN,0,10,NaN,NaN,NaN,0
WW022515SC,HAB_SCW,2015-02-25,8:30,14.1,25,1.72,1.84,1.78,NaN,NaN,NaN,3.01,0.61,11.77,NaN,4.76,250,0.000,NaN,NaN,0,70,NaN,NaN,NaN,0
WW030415SC,HAB_SCW,2015-03-04,8:30,13.7,25,4.28,4.31,4.29,NaN,NaN,NaN,4.23,0.67,9.48,NaN,4.57,250,0.000,NaN,NaN,10,60,NaN,NaN,NaN,0
WW031115SC,HAB_SCW,2015-03-11,8:30,13.3,25,4.01,3.38,3.69,NaN,NaN,NaN,0.85,0.35,6.64,NaN,2.00,250,0.000,NaN,NaN,0,50,NaN,NaN,NaN,0
WW031815SC,HAB_SCW,2015-03-18,8:30,13.4,25,2.41,2.37,2.39,NaN,NaN,NaN,1.38,0.50,6.25,NaN,3.58,250,0.000,NaN,NaN,0,410,NaN,NaN,NaN,0
WW032515SC,HAB_SCW,2015-03-25,8:30,13.5,25,1.83,1.85,1.84,NaN,NaN,NaN,6.17,0.67,12.26,NaN,3.77,250,0.000,NaN,NaN,0,50,NaN,NaN,NaN,0
WW040115SC,HAB_SCW,2015-04-01,8:25,12.3,25,4.26,4.24,4.25,NaN,NaN,NaN,4.74,0.43,10.22,NaN,1.67,250,0.004,NaN,NaN,0,NaN,NaN,NaN,NaN,660
WW040815SC,HAB_SCW,2015-04-08,8:30,12.4,25,13.77,13.92,13.85,NaN,NaN,NaN,1.27,0.36,6.77,NaN,1.85,250,0.019,NaN,NaN,80,260,NaN,NaN,NaN,26200
WW041515SC,HAB_SCW,2015-04-15,9:00,11.7,25,1.96,2.11,2.04,NaN,NaN,NaN,10.95,1.02,18.21,NaN,6.14,250,0.009,NaN,NaN,20,220,NaN,NaN,NaN,27250
WW042215SC,HAB_SCW,2015-04-22,8:45,11.5,25,5.96,5.30,5.63,NaN,NaN,NaN,8.38,0.69,13.81,NaN,7.74,250,0.622,NaN,NaN,20,500,NaN,NaN,NaN,122600
WW042915SC,HAB_SCW,2015-04-29,8:15,13.5,25,5.92,5.06,5.49,NaN,NaN,NaN,0.65,0.09,8.89,NaN,2.61,250,3.422,NaN,NaN,0,NaN,NaN,NaN,NaN,198000
WW050615SC,HAB_SCW,2015-05-06,8:30,13.3,25,8.34,8.79,8.57,NaN,NaN,NaN,0.50,0.00,2.64,NaN,0.70,250,3.179,NaN,NaN,0,7100,NaN,NaN,NaN,154650
WW051315SC,HAB_SCW,2015-05-13,8:15,11.3,25,1.59,1.64,1.61,NaN,NaN,NaN,13.21,0.97,16.86,NaN,6.18,250,0.312,NaN,NaN,0,100,NaN,NaN,NaN,23550
WW052015SC,HAB_SCW,2015-05-20,8:15,12.1,25,10.86,10.48,10.67,NaN,NaN,NaN,8.36,0.38,10.10,NaN,3.15,250,3.874,NaN,NaN,110,NaN,NaN,NaN,NaN,444200
WW052715SC,HAB_SCW,2015-05-27,8:15,12.9,25,12.09,11.19,11.64,NaN,NaN,NaN,1.04,0.18,3.60,NaN,2.25,250,6.630,NaN,NaN,0,NaN,NaN,NaN,NaN,491450
WW060315SC,HAB_SCW,2015-06-03,8:30,15.8,25,4.82,4.64,4.73,NaN,NaN,NaN,1.35,0.00,2.88,NaN,5.07,250,0.057,NaN,NaN,540,550,NaN,NaN,NaN,4250
WW061015SC,HAB_SCW,2015-06-10,8:15,16.0,25,5.09,5.38,5.24,NaN,NaN,NaN,1.20,0.14,6.08,NaN,2.83,250,0.539,NaN,NaN,310,1350,NaN,NaN,NaN,14350
WW061715SC,HAB_SCW,2015-06-17,8:30,15.2,25,3.63,3.50,3.57,NaN,NaN,NaN,1.09,0.16,3.18,NaN,3.70,250,0.824,NaN,NaN,600,3750,NaN,NaN,NaN,48500
WW062415SC,HAB_SCW,2015-06-24,8:15,15.6,25,9.95,8.05,9.00,NaN,NaN,NaN,0.30,0.00,3.82,NaN,0.34,250,0.572,NaN,NaN,50,1200,NaN,NaN,NaN,29650
WW070115SC,HAB_SCW,2015-07-01,8:30,16.4,25,4.78,5.14,4.96,NaN,NaN,NaN,0.00,0.00,3.14,NaN,0.47,250,0.157,NaN,NaN,70,NaN,NaN,NaN,NaN,750
WW070815SC,HAB_SCW,2015-07-08,8:45,17.4,25,3.85,4.18,4.02,NaN,NaN,NaN,0.07,0.00,6.65,NaN,0.53,250,0.024,NaN,NaN,50,3100,NaN,NaN,NaN,0
WW071515SC,HAB_SCW,2015-07-15,8:15,18.5,25,3.79,3.66,3.72,NaN,NaN,NaN,0.00,0.00,4.55,NaN,1.08,250,0.000,NaN,NaN,0,5900,NaN,NaN,NaN,200
WW072215SC,HAB_SCW,2015-07-22,7:50,17.9,25,2.15,2.19,2.17,NaN,NaN,NaN,0.20,0.00,3.97,NaN,1.00,250,0.000,NaN,NaN,0,NaN,NaN,NaN,NaN,0
WW072915SC,HAB_SCW,2015-07-29,8:25,17.9,25,7.14,7.43,7.28,NaN,NaN,NaN,0.50,0.07,5.79,NaN,4.92,250,0.081,NaN,NaN,50,NaN,NaN,NaN,NaN,2850
WW080515SC,HAB_SCW,2015-08-05,8:20,17.3,25,5.98,,5.98,NaN,NaN,NaN,0.42,0.12,3.69,NaN,2.56,250,0.290,NaN,NaN,90,200,NaN,NaN,NaN,26000
WW081215SC,HAB_SCW,2015-08-12,8:25,17.4,25,6.79,6.45,6.62,NaN,NaN,NaN,1.26,0.01,4.66,NaN,2.55,250,0.000,NaN,NaN,30,NaN,NaN,NaN,NaN,100
WW081915SC,HAB_SCW,2015-08-19,8:15,17.0,25,4.08,4.25,4.16,NaN,NaN,NaN,1.90,0.28,7.75,NaN,3.31,250,0.029,NaN,NaN,260,160,NaN,NaN,NaN,450
WW082615SC,HAB_SCW,2015-08-26,8:20,17.7,25,3.14,3.17,3.15,NaN,NaN,NaN,0.00,0.00,2.68,NaN,0.40,250,0.000,NaN,NaN,10,NaN,NaN,NaN,NaN,1050
WW090215SC,HAB_SCW,2015-09-02,8:30,16.9,25,4.63,4.68,4.66,NaN,NaN,NaN,1.22,0.20,8.05,NaN,2.11,250,0.018,NaN,NaN,0,NaN,NaN,NaN,NaN,4100
WW090915SC,HAB_SCW,2015-09-09,8:15,17.3,25,6.90,7.09,7.00,NaN,NaN,NaN,0.17,0.00,2.66,NaN,0.45,250,0.036,NaN,NaN,20,600,NaN,NaN,NaN,1300
WW091615SC,HAB_SCW,2015-09-16,8:15,14.6,25,1.45,1.40,1.43,NaN,NaN,NaN,1.73,0.39,6.28,NaN,4.66,250,0.513,NaN,NaN,0,100,NaN,NaN,NaN,28000
WW092315SC,HAB_SCW,2015-09-23,8:30,17.6,25,3.32,3.16,3.24,NaN,NaN,NaN,0.32,0.17,2.59,NaN,2.20,250,0.052,NaN,NaN,20,110,NaN,NaN,NaN,150
WW093015SC,HAB_SCW,2015-09-30,8:15,17.6,25,3.38,3.05,3.22,NaN,NaN,NaN,0.48,0.17,6.30,NaN,2.30,250,0.000,NaN,NaN,0,20,NaN,NaN,NaN,0
WW100715SC,HAB_SCW,2015-10-07,8:30,16.7,25,5.13,5.62,5.38,NaN,NaN,NaN,0.35,0.18,6.90,NaN,1.57,250,0.000,NaN,NaN,0,40,NaN,NaN,NaN,450
WW101415SC,HAB_SCW,2015-10-14,8:30,17.8,25,3.11,,3.11,NaN,NaN,NaN,1.10,0.55,9.83,NaN,5.32,250,0.000,NaN,NaN,0,0,NaN,NaN,NaN,0
WW102115SC,HAB_SCW,2015-10-21,8:30,16.9,25,2.71,3.39,3.05,NaN,NaN,NaN,0.50,0.17,5.57,NaN,2.89,250,0.000,NaN,NaN,0,NaN,NaN,NaN,NaN,0
WW102815SC,HAB_SCW,2015-10-28,9:00,17.8,25,4.15,4.35,4.25,NaN,NaN,NaN,2.17,0.90,11.59,NaN,6.19,250,0.000,NaN,NaN,0,NaN,NaN,NaN,NaN,0
WW110415SC,HAB_SCW,2015-11-04,8:40,14.8,25,2.12,2.13,2.12,NaN,NaN,NaN,4.95,0.58,10.94,NaN,2.68,250,0.000,NaN,NaN,0,0,NaN,NaN,NaN,0
WW111115SC,HAB_SCW,2015-11-11,8:25,13.3,25,3.61,4.06,3.84,NaN,NaN,NaN,2.74,0.61,11.44,NaN,2.68,250,0.000,NaN,NaN,0,10,NaN,NaN,NaN,0
WW111815SC,HAB_SCW,2015-11-18,8:40,13.7,25,1.85,1.88,1.87,NaN,NaN,NaN,5.21,1.26,10.99,NaN,4.34,250,0.009,NaN,NaN,0,NaN,NaN,NaN,NaN,0
WW112515SC,HAB_SCW,2015-11-25,7:10,11.4,25,4.36,4.07,4.21,NaN,NaN,NaN,4.34,1.40,10.19,NaN,6.26,250,0.013,NaN,NaN,0,0,NaN,NaN,NaN,2050
WW120215SC,HAB_SCW,2015-12-02,8:45,12.2,25,1.95,2.11,2.03,NaN,NaN,NaN,2.33,0.98,7.23,NaN,4.13,250,0.000,NaN,NaN,0,20,NaN,NaN,NaN,0
WW120915SC,HAB_SCW,2015-12-09,8:20,14.1,25,1.45,1.29,1.37,NaN,NaN,NaN,1.33,0.87,4.89,NaN,3.44,250,0.000,NaN,NaN,0,40,NaN,NaN,NaN,0
WW121615SC,HAB_SCW,2015-12-16,8:30,11.8,25,1.24,1.40,1.32,NaN,NaN,NaN,2.64,0.89,10.24,NaN,5.47,250,0.000,NaN,NaN,0,0,NaN,NaN,NaN,0
WW010616SC,HAB_SCW,2016-01-06,8:30,11.7,25,1.97,1.89,1.93,NaN,NaN,NaN,5.01,0.90,12.55,NaN,2.00,250,0.000,NaN,NaN,0,NaN,NaN,NaN,NaN,0
WW011316SC,HAB_SCW,2016-01-13,8:30,14.8,25,0.86,0.65,0.76,NaN,NaN,NaN,4.45,0.85,7.65,NaN,3.09,250,0.000,NaN,NaN,0,NaN,NaN,NaN,NaN,0
WW012016SC,HAB_SCW,2016-01-20,8:30,14.1,25,1.03,0.78,0.91,NaN,NaN,NaN,3.80,0.88,10.79,NaN,2.67,250,0.000,NaN,NaN,0,0,NaN,NaN,NaN,0
WW012716SC,HAB_SCW,2016-01-27,8:30,13.4,25,0.95,0.94,0.95,NaN,NaN,NaN,3.30,0.98,9.41,NaN,4.24,250,0.000,NaN,NaN,0,NaN,NaN,NaN,NaN,0
WW020316SC,HAB_SCW,2016-02-03,8:30,11.4,25,0.79,0.74,0.76,NaN,NaN,NaN,5.21,1.01,23.10,NaN,2.85,250,0.000,NaN,NaN,0,NaN,NaN,NaN,NaN,0
WW021016SC,HAB_SCW,2016-02-10,8:30,12.6,25,1.83,1.59,1.71,NaN,NaN,NaN,4.17,0.93,12.67,NaN,2.76,250,0.000,NaN,NaN,0,NaN,NaN,NaN,NaN,0
WW021716SC,HAB_SCW,2016-02-17,8:30,13.6,25,2.59,2.52,2.56,NaN,NaN,NaN,5.74,1.00,12.67,NaN,3.89,250,0.000,NaN,NaN,0,NaN,NaN,NaN,NaN,0
WW022416SC,HAB_SCW,2016-02-24,8:30,13.5,25,2.84,2.94,2.89,NaN,NaN,NaN,2.96,0.70,8.52,NaN,2.31,250,0.000,NaN,NaN,0,0,NaN,NaN,NaN,0
WW030216SC,HAB_SCW,2016-03-02,8:30,13.3,25,2.47,2.32,2.40,NaN,NaN,NaN,2.47,0.79,8.38,NaN,2.61,250,0.000,NaN,NaN,190,20,NaN,NaN,NaN,0
WW030916SC,HAB_SCW,2016-03-09,8:30,13.9,25,1.41,1.44,1.43,NaN,NaN,NaN,2.95,0.90,24.05,NaN,2.81,250,0.000,NaN,NaN,NaN,NaN,NaN,NaN,NaN,NaN
WW031616SC,HAB_SCW,2016-03-16,8:30,12.9,25,1.27,1.47,1.37,NaN,NaN,NaN,4.63,1.00,31.70,NaN,3.60,250,0.000,NaN,NaN,NaN,NaN,NaN,NaN,NaN,NaN
WW032316SC,HAB_SCW,2016-03-23,8:30,13.2,25,2.70,2.46,2.58,NaN,NaN,NaN,2.98,0.82,12.17,NaN,2.26,250,0.000,NaN,NaN,NaN,NaN,NaN,NaN,NaN,NaN
WW033016SC,HAB_SCW,2016-03-30,8:30,11.5,25,2.24,2.27,2.25,NaN,NaN,NaN,11.50,1.20,25.41,NaN,0.72,250,0.000,NaN,NaN,NaN,NaN,NaN,NaN,NaN,NaN
WW040616SC,HAB_SCW,2016-04-06,8:00,13.9,25,4.10,3.94,4.02,NaN,NaN,NaN,4.13,0.75,17.71,NaN,1.87,250,0.000,NaN,NaN,NaN,NaN,NaN,NaN,NaN,NaN
WW041316SC,HAB_SCW,2016-04-13,8:20,12.5,25,2.70,2.88,2.79,NaN,NaN,NaN,4.26,0.97,20.73,NaN,3.98,250,0.000,NaN,NaN,NaN,NaN,NaN,NaN,NaN,NaN
WW042016SC,HAB_SCW,2016-04-20,7:50,13.0,25,5.79,6.00,5.90,NaN,NaN,NaN,0.95,0.65,6.84,NaN,1.51,250,0.016,NaN,NaN,NaN,NaN,NaN,NaN,NaN,NaN
WW042716SC,HAB_SCW,2016-04-27,8:00,11.9,25,3.54,3.53,3.53,NaN,NaN,NaN,6.22,1.08,18.41,NaN,3.85,250,0.000,NaN,NaN,NaN,NaN,NaN,NaN,NaN,NaN
WW050416SC,HAB_SCW,2016-05-04,7:50,13.3,25,3.01,3.19,3.10,NaN,NaN,NaN,1.28,0.72,7.72,NaN,2.19,250,0.000,NaN,NaN,NaN,NaN,NaN,NaN,NaN,NaN
WW051116SC,HAB_SCW,2016-05-11,7:50,13.1,25,5.63,6.05,5.84,NaN,NaN,NaN,2.79,0.89,11.06,NaN,6.77,250,0.022,NaN,NaN,NaN,NaN,NaN,NaN,NaN,NaN
WW051816SC,HAB_SCW,2016-05-18,7:50,14.6,25,5.88,6.09,5.99,NaN,NaN,NaN,2.74,0.63,5.05,NaN,2.28,250,0.030,NaN,NaN,NaN,NaN,NaN,NaN,NaN,NaN
WW052516SC,HAB_SCW,2016-05-25,8:00,12.4,25,5.72,5.59,5.65,NaN,NaN,NaN,5.65,1.04,21.99,NaN,3.07,250,0.039,NaN,NaN,NaN,NaN,NaN,NaN,NaN,NaN
WW060116SC,HAB_SCW,2016-06-01,7:50,13.9,25,7.00,7.38,7.19,NaN,NaN,NaN,0.11,0.65,13.83,NaN,1.10,250,0.107,NaN,NaN,NaN,NaN,NaN,NaN,NaN,NaN
WW060816SC,HAB_SCW,2016-06-08,7:50,14.5,25,8.32,7.99,8.15,NaN,NaN,NaN,0.00,0.45,5.76,NaN,0.65,250,0.177,NaN,NaN,NaN,NaN,NaN,NaN,NaN,NaN
WW061516SC,HAB_SCW,2016-06-15,7:35,12.6,25,7.17,7.06,7.12,NaN,NaN,NaN,9.78,1.31,16.50,NaN,5.03,250,0.734,NaN,NaN,NaN,NaN,NaN,NaN,NaN,NaN
WW062216SC,HAB_SCW,2016-06-22,8:30,14.7,25,3.89,3.90,3.90,NaN,NaN,NaN,2.67,1.00,14.74,NaN,4.92,250,0.028,NaN,NaN,NaN,NaN,NaN,NaN,NaN,NaN
WW062916SC,HAB_SCW,2016-06-29,8:10,14.4,25,6.76,6.69,6.73,NaN,NaN,NaN,1.47,0.91,6.36,NaN,6.31,250,0.559,NaN,NaN,NaN,NaN,NaN,NaN,NaN,NaN
WW070616SC,HAB_SCW,2016-07-06,8:15,13.6,25,5.86,5.90,5.88,NaN,NaN,NaN,0.20,0.41,1.89,NaN,0.95,250,1.276,NaN,NaN,NaN,NaN,NaN,NaN,NaN,NaN
WW071316SC,HAB_SCW,2016-07-13,8:05,15.2,25,6.39,6.65,6.52,NaN,NaN,NaN,NaN,NaN,NaN,NaN,1.57,250,2.437,NaN,NaN,NaN,NaN,NaN,NaN,NaN,NaN
WW072016SC,HAB_SCW,2016-07-20,8:25,13.5,25,9.35,6.09,7.72,NaN,NaN,NaN,NaN,NaN,NaN,NaN,2.96,250,5.804,NaN,NaN,NaN,NaN,NaN,NaN,NaN,NaN
WW072716SC,HAB_SCW,2016-07-27,8:25,15.1,25,5.71,5.14,5.43,NaN,NaN,NaN,2.29,0.63,4.20,NaN,5.94,250,1.111,NaN,NaN,NaN,NaN,NaN,NaN,NaN,NaN
WW080316SC,HAB_SCW,2016-08-03,7:45,15.2,25,18.01,15.20,16.60,NaN,NaN,NaN,NaN,NaN,NaN,NaN,4.16,250,0.355,NaN,NaN,NaN,NaN,NaN,NaN,NaN,NaN
WW081016SC,HAB_SCW,2016-08-10,8:05,15.9,25,5.79,5.67,5.73,NaN,NaN,NaN,NaN,NaN,NaN,NaN,4.83,250,0.109,NaN,NaN,NaN,NaN,NaN,NaN,NaN,NaN
WW081716SC,HAB_SCW,2016-08-17,8:05,15.4,25,18.89,19.24,19.07,NaN,NaN,NaN,0.26,0.27,8.61,NaN,0.89,250,0.114,NaN,NaN,NaN,NaN,NaN,NaN,NaN,NaN
WW082416SC,HAB_SCW,2016-08-24,8:15,15.0,25,4.20,4.10,4.15,NaN,NaN,NaN,1.29,0.48,8.97,NaN,2.82,250,0.093,NaN,NaN,NaN,NaN,NaN,NaN,NaN,NaN
WW090116SC,HAB_SCW,2016-09-01,8:20,17.1,25,4.99,4.98,4.98,NaN,NaN,NaN,NaN,NaN,NaN,NaN,0.33,250,0.220,NaN,NaN,NaN,NaN,NaN,NaN,NaN,NaN
WW090716SC,HAB_SCW,2016-09-07,8:20,16.3,25,4.15,4.68,4.41,NaN,NaN,NaN,0.98,0.44,11.00,NaN,3.85,250,0.375,NaN,NaN,NaN,NaN,NaN,NaN,NaN,NaN
WW091416SC,HAB_SCW,2016-09-14,8:05,14.0,25,43.94,44.74,44.34,NaN,NaN,NaN,0.00,0.86,14.13,NaN,0.46,250,0.946,NaN,NaN,NaN,NaN,NaN,NaN,NaN,NaN
WW092116SC,HAB_SCW,2016-09-21,8:00,16.4,25,6.28,6.66,6.47,NaN,NaN,NaN,0.58,0.51,14.44,NaN,2.99,250,0.029,NaN,NaN,NaN,NaN,NaN,NaN,NaN,NaN
WW092816SC,HAB_SCW,2016-09-28,8:25,15.3,25,13.70,16.11,14.90,NaN,NaN,NaN,0.24,0.62,17.07,NaN,1.30,250,0.000,NaN,NaN,NaN,NaN,NaN,NaN,NaN,NaN
WW100516SC,HAB_SCW,2016-10-05,8:10,13.5,25,21.35,20.90,21.13,NaN,NaN,NaN,0.07,0.74,19.80,NaN,0.94,250,0.000,NaN,NaN,NaN,NaN,NaN,NaN,NaN,NaN
WW101216SC,HAB_SCW,2016-10-12,8:20,14.2,25,132.15,142.95,137.55,NaN,NaN,NaN,0.00,1.51,21.93,NaN,0.13,250,0.013,NaN,NaN,NaN,NaN,NaN,NaN,NaN,NaN
WW101916SC,HAB_SCW,2016-10-19,9:00,14.8,25,50.30,52.11,51.20,NaN,NaN,NaN,0.03,1.02,12.11,NaN,0.46,250,0.015,NaN,NaN,NaN,NaN,NaN,NaN,NaN,NaN
WW102616SC,HAB_SCW,2016-10-26,8:15,14.5,25,24.58,24.39,24.48,NaN,NaN,NaN,0.00,0.59,13.14,NaN,0.45,250,0.000,NaN,NaN,NaN,NaN,NaN,NaN,NaN,NaN
WW110216SC,HAB_SCW,2016-11-02,8:45,15.3,25,48.00,43.65,45.83,NaN,NaN,NaN,NaN,NaN,NaN,NaN,1.19,250,0.000,NaN,NaN,NaN,NaN,NaN,NaN,NaN,NaN
WW110916SC,HAB_SCW,2016-11-09,8:20,15.7,25,9.25,8.25,8.75,NaN,NaN,NaN,1.14,0.93,11.72,NaN,1.36,250,NaN,NaN,NaN,NaN,NaN,NaN,NaN,NaN,NaN
WW111616SC,HAB_SCW,2016-11-16,9:25,14.9,25,4.53,4.06,4.30,NaN,NaN,NaN,4.65,0.92,14.36,NaN,7.25,250,0.000,NaN,NaN,NaN,NaN,NaN,NaN,NaN,NaN
WW112316SC,HAB_SCW,2016-11-23,8:15,12.5,25,3.42,3.31,3.36,NaN,NaN,NaN,8.24,0.86,14.87,NaN,2.73,250,0.000,NaN,NaN,NaN,NaN,NaN,NaN,NaN,NaN
WW113016SC,HAB_SCW,2016-11-30,8:25,12.0,25,1.95,2.01,1.98,NaN,NaN,NaN,5.92,0.92,13.55,NaN,3.58,250,0.000,NaN,NaN,NaN,NaN,NaN,NaN,NaN,NaN
WW120716SC,HAB_SCW,2016-12-07,8:15,11.6,25,1.53,1.70,1.61,NaN,NaN,NaN,7.99,0.99,16.44,NaN,3.30,250,0.000,NaN,NaN,NaN,NaN,NaN,NaN,NaN,NaN
WW121416SC,HAB_SCW,2016-12-14,8:40,12.1,25,8.03,7.96,7.99,NaN,NaN,NaN,6.93,0.74,28.95,NaN,2.47,250,0.000,NaN,NaN,NaN,NaN,NaN,NaN,NaN,NaN
WW122116SC,HAB_SCW,2016-12-21,9:10,11.7,25,1.78,1.76,1.77,NaN,NaN,NaN,7.99,1.02,26.27,NaN,4.04,250,NaN,NaN,NaN,NaN,NaN,NaN,NaN,NaN,NaN
WW010417SC,HAB_SCW,2017-01-04,8:30,11.2,25,3.84,3.42,3.63,NaN,NaN,NaN,8.20,1.25,54.74,NaN,2.33,250,NaN,NaN,NaN,NaN,NaN,NaN,NaN,NaN,NaN
WW011117SC,HAB_SCW,2017-01-11,8:15,11.8,25,13.05,10.92,11.98,NaN,NaN,NaN,10.10,0.97,36.86,NaN,1.29,250,0.000,NaN,NaN,NaN,NaN,NaN,NaN,NaN,NaN
WW011817SC,HAB_SCW,2017-01-18,8:30,11.3,25,1.83,1.90,1.87,NaN,NaN,NaN,7.18,0.90,18.11,NaN,2.19,250,0.000,NaN,NaN,NaN,NaN,NaN,NaN,NaN,NaN
WW012517SC,HAB_SCW,2017-01-25,7:45,10.3,25,0.98,1.10,1.04,NaN,NaN,NaN,11.44,0.92,46.29,NaN,NaN,250,0.000,NaN,NaN,NaN,NaN,NaN,NaN,NaN,NaN
WW020117SC,HAB_SCW,2017-02-01,7:45,11.2,25,2.10,2.11,2.11,NaN,NaN,NaN,11.54,0.77,27.94,NaN,2.37,250,0.000,NaN,NaN,NaN,NaN,NaN,NaN,NaN,NaN
WW020817SC,HAB_SCW,2017-02-08,7:45,12.7,25,1.36,1.33,1.35,NaN,NaN,NaN,10.94,1.09,91.96,NaN,2.35,250,0.000,NaN,NaN,NaN,NaN,NaN,NaN,NaN,NaN
WW021517SC,HAB_SCW,2017-02-15,7:40,12.2,25,1.82,1.72,1.77,NaN,NaN,NaN,9.28,0.82,50.00,NaN,2.54,250,0.000,NaN,NaN,NaN,NaN,NaN,NaN,NaN,NaN
WW022217SC,HAB_SCW,2017-02-22,7:45,12.1,25,0.89,0.97,0.93,NaN,NaN,NaN,5.92,0.56,22.83,NaN,1.67,250,0.000,NaN,NaN,NaN,NaN,NaN,NaN,NaN,NaN
WW030117SC,HAB_SCW,2017-03-01,7:45,11.4,25,0.63,0.57,0.60,NaN,NaN,NaN,5.80,0.58,13.71,NaN,2.24,250,0.000,NaN,NaN,NaN,NaN,NaN,NaN,NaN,NaN
WW030817SC,HAB_SCW,2017-03-08,7:45,11.7,25,3.34,3.11,3.23,NaN,NaN,NaN,6.93,0.50,39.24,NaN,1.32,250,0.000,NaN,NaN,NaN,NaN,NaN,NaN,NaN,NaN
WW031517SC,HAB_SCW,2017-03-15,7:45,13.1,25,2.07,2.14,2.10,NaN,NaN,NaN,2.83,0.32,28.73,NaN,3.11,250,NaN,NaN,NaN,NaN,NaN,NaN,NaN,NaN,NaN
WW032217SC,HAB_SCW,2017-03-22,8:45,13.0,25,2.86,3.34,3.10,NaN,NaN,NaN,2.66,0.38,30.96,NaN,1.83,250,0.000,NaN,NaN,NaN,NaN,NaN,NaN,NaN,NaN
WW032917SC,HAB_SCW,2017-03-29,8:15,14.7,25,3.26,3.47,3.37,NaN,NaN,NaN,1.57,0.22,9.08,NaN,1.16,250,0.011,NaN,NaN,NaN,NaN,NaN,NaN,NaN,NaN
WW040517SC,HAB_SCW,2017-04-05,8:30,13.3,25,3.58,3.19,3.39,NaN,NaN,NaN,3.94,0.31,16.04,NaN,1.38,250,0.025,NaN,NaN,NaN,NaN,NaN,NaN,NaN,NaN
WW041217SC,HAB_SCW,2017-04-12,8:45,11.8,25,3.12,3.25,3.19,NaN,NaN,NaN,10.54,0.80,28.98,NaN,3.27,250,0.013,NaN,NaN,NaN,NaN,NaN,NaN,NaN,NaN
WW041917SC,HAB_SCW,2017-04-19,8:45,12.5,25,6.83,7.33,7.08,NaN,NaN,NaN,5.00,0.69,13.30,NaN,3.82,250,0.341,NaN,NaN,NaN,NaN,NaN,NaN,NaN,NaN
WW042617SC,HAB_SCW,2017-04-26,8:45,11.7,25,6.73,6.59,6.66,NaN,NaN,NaN,12.21,0.96,42.86,NaN,3.17,250,0.000,NaN,NaN,NaN,NaN,NaN,NaN,NaN,NaN
WW050317SC,HAB_SCW,2017-05-03,8:45,13.9,25,3.37,3.39,3.38,NaN,NaN,NaN,4.65,0.52,41.02,NaN,2.92,250,0.000,NaN,NaN,NaN,NaN,NaN,NaN,NaN,NaN
WW051017SC,HAB_SCW,2017-05-10,8:45,12.3,25,7.26,6.88,7.07,NaN,NaN,NaN,10.39,4.28,26.49,NaN,2.30,250,0.000,NaN,NaN,730,NaN,NaN,NaN,NaN,3500
WW051717SC,HAB_SCW,2017-05-17,8:45,12.4,25,4.03,3.69,3.86,NaN,NaN,NaN,10.05,0.84,19.37,NaN,4.20,250,0.092,NaN,NaN,880,667,NaN,NaN,NaN,34500
WW052417SC,HAB_SCW,2017-05-24,9:00,13.1,25,9.45,9.75,9.60,NaN,NaN,NaN,1.75,0.88,11.07,NaN,1.95,250,0.07,NaN,NaN,1330,3250,NaN,NaN,NaN,80750
WW053117SC,HAB_SCW,2017-05-31,9:10,14.9,25,3.50,3.36,3.43,NaN,NaN,NaN,0.75,0.49,22.31,NaN,1.41,250,0.73,NaN,NaN,260,NaN,NaN,NaN,NaN,48500
WW060717SC,HAB_SCW,2017-06-07,9:10,14.4,25,7.32,7.19,7.25,NaN,NaN,NaN,3.17,0.62,16.49,NaN,1.82,250,0.62,NaN,NaN,160,NaN,NaN,NaN,NaN,79950
WW061417SC,HAB_SCW,2017-06-14,8:20,13.3,25,11.56,10.69,11.12,NaN,NaN,NaN,2.85,0.30,11.79,NaN,1.86,250,1.16,NaN,NaN,890,1790,NaN,NaN,NaN,123400
WW062117SC,HAB_SCW,2017-06-21,8:45,14.7,25,4.19,3.96,4.07,NaN,NaN,NaN,4.19,0.86,11.08,NaN,11.18,250,0.55,NaN,NaN,40,NaN,NaN,NaN,NaN,15150
WW062817SC,HAB_SCW,2017-06-28,9:30,15.8,25,4.30,4.40,4.35,NaN,NaN,NaN,0.80,0.14,3.18,NaN,2.26,250,0.32,NaN,NaN,50,1710,NaN,NaN,NaN,5000
WW070517SC,HAB_SCW,2017-07-05,9:30,15.1,25,3.33,2.92,3.12,NaN,NaN,NaN,6.69,0.84,20.87,NaN,6.00,250,NaN,NaN,NaN,0,290,NaN,NaN,NaN,250
WW071217SC,HAB_SCW,2017-07-12,8:45,14.7,25,5.66,5.82,5.74,NaN,NaN,NaN,0.78,0.24,3.62,NaN,2.79,250,NaN,NaN,NaN,90,180,NaN,NaN,NaN,3050
WW071917SC,HAB_SCW,2017-07-19,9:15,15.4,25,4.70,4.69,4.70,NaN,NaN,NaN,2.29,0.71,13.54,NaN,7.24,250,NaN,NaN,NaN,180,710,NaN,NaN,NaN,0
WW072617SC,HAB_SCW,2017-07-26,8:45,14.4,25,7.68,8.41,8.05,NaN,NaN,NaN,4.32,1.11,12.40,NaN,8.04,250,NaN,NaN,NaN,730,460,NaN,NaN,NaN,0
WW080217SC,HAB_SCW,2017-08-02,9:15,15.8,25,16.65,15.57,16.11,NaN,NaN,NaN,4.06,1.67,13.25,NaN,6.00,250,0.000,NaN,NaN,2170,4590,NaN,NaN,NaN,0
WW080917SC,HAB_SCW,2017-08-09,9:00,17.5,25,9.75,9.80,9.78,NaN,NaN,NaN,1.58,0.43,8.58,NaN,3.37,250,0.000,NaN,NaN,140,1980,NaN,NaN,NaN,0
WW081617SC,HAB_SCW,2017-08-16,9:00,16.0,25,5.04,5.18,5.11,NaN,NaN,NaN,3.36,0.66,16.61,NaN,6.03,250,0.000,NaN,NaN,270,680,NaN,NaN,NaN,0
WW082317SC,HAB_SCW,2017-08-23,9:00,16.1,25,3.36,3.13,3.25,NaN,NaN,NaN,2.54,0.43,16.28,NaN,4.02,250,0.00,NaN,NaN,3110,240,NaN,NaN,NaN,100
WW083017SC,HAB_SCW,2017-08-30,9:00,17.3,25,2.56,2.44,2.50,NaN,NaN,NaN,2.37,0.81,18.59,NaN,6.08,250,0.00,NaN,NaN,100,460,NaN,NaN,NaN,0
WW090617SC,HAB_SCW,2017-09-06,8:45,14.5,25,71.84,72.54,72.19,NaN,NaN,NaN,6.79,1.08,21.18,NaN,0.08,150,0.00,NaN,NaN,1300,1350,NaN,NaN,NaN,0
WW091317SC,HAB_SCW,2017-09-13,9:00,17.8,25,25.15,23.75,24.45,NaN,NaN,NaN,0.67,0.50,13.02,NaN,4.27,250,0.00,NaN,NaN,90,11600,NaN,NaN,NaN,0
WW092017SC,HAB_SCW,2017-09-20,10:45,17.9,25,14.69,13.59,14.14,NaN,NaN,NaN,1.43,0.60,15.19,NaN,4.71,250,0.00,NaN,NaN,480,2053,NaN,NaN,NaN,0
WW092717SC,HAB_SCW,2017-09-27,9:15,16.9,25,5.23,6.26,5.75,NaN,NaN,NaN,0.96,0.77,13.78,NaN,2.73,250,0.00,NaN,NaN,830,460,NaN,NaN,NaN,0
WW100417SC,HAB_SCW,2017-10-04,8:00,14.7,25,6.18,6.89,6.53,NaN,NaN,NaN,0.63,0.52,15.57,NaN,1.97,250,0.00,NaN,NaN,210,850,NaN,NaN,NaN,0
WW101117SC,HAB_SCW,2017-10-11,8:30,14.7,25,9.05,10.87,9.96,NaN,NaN,NaN,0.05,0.47,22.22,NaN,0.67,250,0.00,NaN,NaN,0,NaN,NaN,NaN,NaN,0
WW101817SC,HAB_SCW,2017-10-18,8:15,13.1,25,18.96,18.96,18.96,NaN,NaN,NaN,0.17,0.88,23.78,NaN,0.89,250,0.00,NaN,NaN,0,280,NaN,NaN,NaN,0
WW102517SC,HAB_SCW,2017-10-25,8:30,14.3,25,15.76,15.76,15.76,NaN,NaN,NaN,0.44,0.50,22.03,NaN,0.97,250,0.00,NaN,NaN,0,NaN,NaN,NaN,NaN,0
WW110117SC,HAB_SCW,2017-11-01,8:30,13.4,25,47.40,42.03,44.72,NaN,NaN,NaN,0.00,0.71,23.25,NaN,0.86,250,0.00,NaN,NaN,80,2520,NaN,NaN,NaN,0
WW110817SC,HAB_SCW,2017-11-08,8:15,13.6,25,46.99,43.34,45.17,NaN,NaN,NaN,0.09,1.02,21.54,NaN,1.07,250,0.00,NaN,NaN,106.6666667,266.6666667,NaN,NaN,NaN,0
WW111517SC,HAB_SCW,2017-11-15,8:45,14.1,25,19.32,19.32,19.32,NaN,NaN,NaN,0.08,0.59,19.59,NaN,1.87,250,0.00,NaN,NaN,20,NaN,NaN,NaN,NaN,0
WW112217SC,HAB_SCW,2017-11-22,8:40,15.4,25,21.50,19.36,20.43,NaN,NaN,NaN,0.25,0.36,15.74,NaN,0.83,250,0.00,NaN,NaN,140,110,NaN,NaN,NaN,0
WW112917SC,HAB_SCW,2017-11-29,8:00,13.6,25,2.98,3.69,3.33,NaN,NaN,NaN,4.49,1.05,11.22,NaN,5.69,250,0.00,NaN,NaN,0,NaN,NaN,NaN,NaN,0
WW120617SC,HAB_SCW,2017-12-06,8:30,12.1,25,2.39,2.16,2.28,NaN,NaN,NaN,6.75,0.96,15.27,NaN,3.68,250,0.00,NaN,NaN,0,NaN,NaN,NaN,NaN,0
WW121317SC,HAB_SCW,2017-12-13,9:15,12.1,25,2.40,2.30,2.35,NaN,NaN,NaN,3.69,0.78,13.22,NaN,3.72,250,0.00,NaN,NaN,0,NaN,NaN,NaN,NaN,0
WW011018SC,HAB_SCW,2018-01-10,8:15,13.3,25,4.06,3.63,3.85,NaN,NaN,NaN,1.79,0.62,10.23,NaN,3.37,250,0.00,NaN,NaN,53.33333333,NaN,NaN,NaN,NaN,0
WW011718SC,HAB_SCW,2018-01-17,8:30,14.1,25,11.08,11.39,11.24,NaN,NaN,NaN,NaN,NaN,NaN,NaN,1.45,250,0.00,NaN,NaN,220,NaN,NaN,NaN,NaN,0
WW012418SC,HAB_SCW,2018-01-24,8:45,12.8,25,1.15,1.03,1.09,NaN,NaN,NaN,NaN,NaN,NaN,NaN,3.59,250,0.00,NaN,NaN,70,10,NaN,NaN,NaN,0
WW013118SC,HAB_SCW,2018-01-31,9:30,13.5,25,2.56,2.29,2.42,NaN,NaN,NaN,NaN,NaN,NaN,NaN,4.17,250,0.23,NaN,NaN,70,80,NaN,NaN,NaN,0
WW020718SC,HAB_SCW,2018-02-07,9:15,13.7,25,10.25,10.57,10.41,NaN,NaN,NaN,NaN,NaN,NaN,NaN,1.06,250,0.05,NaN,NaN,4680,650,NaN,NaN,NaN,2950
WW021418SC,HAB_SCW,2018-02-14,9:15,12.9,25,4.72,4.76,4.74,NaN,NaN,NaN,NaN,NaN,NaN,NaN,4.57,250,0.00,NaN,NaN,1970,920,NaN,NaN,NaN,0
WW022118SC,HAB_SCW,2018-02-21,9:15,11.7,25,4.93,4.93,4.93,NaN,NaN,NaN,NaN,NaN,NaN,NaN,4.35,250,NaN,NaN,NaN,14,0,NaN,NaN,NaN,2200
WW022818SC,HAB_SCW,2018-02-28,8:15,11.7,25,6.30,6.65,6.47,NaN,NaN,NaN,NaN,NaN,NaN,NaN,2.55,250,0.16,NaN,NaN,50,NaN,NaN,NaN,NaN,39600
WW030718SC,HAB_SCW,2018-03-07,9:45,11.8,25,3.17,3.23,3.20,NaN,NaN,NaN,NaN,NaN,NaN,NaN,5.07,250,0.01,NaN,NaN,140,220,NaN,NaN,NaN,0
WW031418SC,HAB_SCW,2018-03-14,9:15,12.7,25,4.18,3.96,4.07,NaN,NaN,NaN,NaN,NaN,NaN,NaN,4.75,250,0.01,NaN,NaN,920,820,NaN,NaN,NaN,0
WW032118SC,HAB_SCW,2018-03-21,9:45,13.0,25,15.02,12.12,13.57,NaN,NaN,NaN,NaN,NaN,NaN,NaN,2.60,250,0.00,NaN,NaN,660,NaN,NaN,NaN,NaN,0
WW032818SC,HAB_SCW,2018-03-28,10:20,14.7,25,3.63,3.52,3.57,NaN,NaN,NaN,NaN,NaN,NaN,NaN,4.16,250,0.01,NaN,NaN,20,934,NaN,NaN,NaN,600
WW040318SC,HAB_SCW,2018-04-03,9:30,16.2,25,2.32,1.86,2.09,NaN,NaN,NaN,NaN,NaN,NaN,NaN,17.97,250,0.03,NaN,NaN,0,NaN,NaN,NaN,NaN,0
WW041118SC,HAB_SCW,2018-04-11,9:15,13.8,25,4.14,4.55,4.35,NaN,NaN,NaN,NaN,NaN,NaN,NaN,5.24,250,0.10,NaN,NaN,0,100,NaN,NaN,NaN,800
WW041818SC,HAB_SCW,2018-04-18,9:30,11.9,25,8.23,8.30,8.26,NaN,NaN,NaN,NaN,NaN,NaN,NaN,NaN,250,0.08,NaN,NaN,10,20,NaN,NaN,NaN,2300
WW042518SC,HAB_SCW,2018-04-25,9:45,13.5,25,9.28,8.91,9.10,NaN,NaN,NaN,NaN,NaN,NaN,NaN,NaN,250,0.00,NaN,NaN,780,760,NaN,NaN,NaN,4400
WW050218SC,HAB_SCW,2018-05-02,9:00,13.7,25,4.98,4.91,4.95,NaN,NaN,NaN,NaN,NaN,NaN,NaN,NaN,250,0.09,NaN,NaN,810,NaN,NaN,NaN,NaN,1600
WW050918SC,HAB_SCW,2018-05-09,9:45,15.5,25,23.21,22.69,22.95,NaN,NaN,NaN,NaN,NaN,NaN,NaN,NaN,250,0.00,NaN,NaN,200,700,NaN,NaN,NaN,2650
WW051618SC,HAB_SCW,2018-05-16,9:30,13.0,25,8.39,7.75,8.07,NaN,NaN,NaN,NaN,NaN,NaN,NaN,NaN,250,0.00,NaN,NaN,340,200,NaN,NaN,NaN,5750
WW052318SC,HAB_SCW,2018-05-23,9:45,14.1,25,4.44,4.36,4.40,NaN,NaN,NaN,NaN,NaN,NaN,NaN,NaN,250,0.03,NaN,NaN,370,NaN,NaN,NaN,NaN,1400
WW053018SC,HAB_SCW,2018-05-30,10:15,16.5,25,8.14,8.80,8.47,NaN,NaN,NaN,NaN,NaN,NaN,NaN,NaN,250,0.07,NaN,NaN,330,NaN,NaN,NaN,NaN,2450
WW060618SC,HAB_SCW,2018-06-06,9:30,16.1,25,5.71,4.95,5.33,NaN,NaN,NaN,NaN,NaN,NaN,NaN,NaN,250,0.52,NaN,NaN,60,160,NaN,NaN,NaN,650
WW061318SC,HAB_SCW,2018-06-13,9:30,15.7,25,8.37,8.66,8.52,NaN,NaN,NaN,NaN,NaN,NaN,NaN,NaN,250,0.10,NaN,NaN,40,NaN,NaN,NaN,NaN,0
WW062018SC,HAB_SCW,2018-06-20,9:30,15.7,25,5.01,4.71,4.86,NaN,NaN,NaN,NaN,NaN,NaN,NaN,NaN,250,0.00,NaN,NaN,0,350,NaN,NaN,NaN,0
WW062818SC,HAB_SCW,2018-06-28,10:45,16.7,25,3.29,3.44,3.37,NaN,NaN,NaN,NaN,NaN,NaN,NaN,NaN,250,0.05,NaN,NaN,0,NaN,NaN,NaN,NaN,0
WW070518SC,HAB_SCW,2018-07-05,8:45,15.7,25,6.54,5.68,6.11,NaN,NaN,NaN,NaN,NaN,NaN,NaN,NaN,250,0.02,NaN,NaN,70,5200,NaN,NaN,NaN,0
WW071118SC,HAB_SCW,2018-07-11,9:00,18.0,25,5.87,5.29,5.58,NaN,NaN,NaN,NaN,NaN,NaN,NaN,NaN,250,0.83,NaN,NaN,80,5600,NaN,NaN,NaN,2100
WW071818SC,HAB_SCW,2018-07-18,8:30,17.0,25,6.75,6.87,6.81,NaN,NaN,NaN,NaN,NaN,NaN,NaN,NaN,250,0.79,NaN,NaN,0,1734,NaN,NaN,NaN,1700
WW072518SC,HAB_SCW,2018-07-25,9:45,18.7,25,8.01,8.31,8.16,NaN,NaN,NaN,NaN,NaN,NaN,NaN,NaN,250,0.02,NaN,NaN,40,1125,NaN,NaN,NaN,0
WW080118SC,HAB_SCW,2018-08-01,7:45,18.1,25,17.40,16.47,16.94,NaN,NaN,NaN,NaN,NaN,NaN,NaN,NaN,250,0.02,NaN,NaN,240,3150,NaN,NaN,NaN,0
WW080818SC,HAB_SCW,2018-08-08,9:30,16.2,25,45.69,41.13,43.41,NaN,NaN,NaN,NaN,NaN,NaN,NaN,NaN,250,0.05,NaN,NaN,180,NaN,NaN,NaN,NaN,0
WW081518SC,HAB_SCW,2018-08-15,10:15,17.4,25,18.13,18.34,18.23,NaN,NaN,NaN,NaN,NaN,NaN,NaN,NaN,250,0.14,NaN,NaN,400,1450,NaN,NaN,NaN,0
WW082218SC,HAB_SCW,2018-08-22,11:50,17.8,25,12.12,11.50,11.81,NaN,NaN,NaN,NaN,NaN,NaN,NaN,NaN,250,0.00,NaN,NaN,610,22933,NaN,NaN,NaN,0
WW082918SC,HAB_SCW,2018-08-29,10:30,18.2,25,9.41,10.08,9.74,NaN,NaN,NaN,NaN,NaN,NaN,NaN,NaN,250,0.00,NaN,NaN,20,1175,NaN,NaN,NaN,0
WW090518SC,HAB_SCW,2018-09-05,9:50,17.7,25,7.52,8.18,7.85,NaN,NaN,NaN,NaN,NaN,NaN,NaN,NaN,250,0.00,NaN,NaN,0,2850,NaN,NaN,NaN,0
WW091218SC,HAB_SCW,2018-09-12,10:50,18.4,25,5.99,6.18,6.09,NaN,NaN,NaN,NaN,NaN,NaN,NaN,NaN,250,0.00,NaN,NaN,0,NaN,NaN,NaN,NaN,0
WW091918SC,HAB_SCW,2018-09-19,9:30,15.3,25,4.06,4.21,4.13,NaN,NaN,NaN,NaN,NaN,NaN,NaN,NaN,250,0.00,NaN,NaN,0,450,NaN,NaN,NaN,0
WW092618SC,HAB_SCW,2018-09-26,10:15,15.9,25,7.64,8.10,7.87,NaN,NaN,NaN,NaN,NaN,NaN,NaN,NaN,250,0.00,NaN,NaN,0,1650,NaN,NaN,NaN,0
WW100318SC,HAB_SCW,2018-10-03,8:45,16.0,25,3.22,3.21,3.22,NaN,NaN,NaN,NaN,NaN,NaN,NaN,NaN,250,0.00,NaN,NaN,0,833,NaN,NaN,NaN,0
WW101018SC,HAB_SCW,2018-10-10,8:30,16.7,25,5.75,5.05,5.40,NaN,NaN,NaN,NaN,NaN,NaN,NaN,NaN,250,0.00,NaN,NaN,0,867,NaN,NaN,NaN,0
WW101718SC,HAB_SCW,2018-10-17,8:45,16.0,25,2.02,3.18,2.60,NaN,NaN,NaN,NaN,NaN,NaN,NaN,NaN,250,NaN,NaN,NaN,NaN,NaN,NaN,NaN,NaN,NaN